{
  "tweets": {
    "requests": 25,
    "reset_time": 1756304531.0970604,
    "last_request": 1756044616.88362
  }
}