{
  "tweets": {
    "requests": 2,
    "reset_time": 1749915442.0393488,
    "last_request": 1749914552.0862024
  }
}