{
  "tweets": {
    "requests": 3,
    "reset_time": 1749925048.6625717,
    "last_request": 1749924181.2843363
  }
}