{
  "tweets": {
    "requests": 5,
    "reset_time": 1754461091.6011386,
    "last_request": 1754460289.4240727
  }
}