{
  "tweets": {
    "requests": 10,
    "reset_time": 1756045472.9866037,
    "last_request": 1756044616.88362
  }
}