{
  "tweets": {
    "requests": 1,
    "reset_time": 1749458822.4704785,
    "last_request": 1749457922.4704785
  }
}