{
  "tweets": {
    "requests": 1,
    "reset_time": 1749922169.0313842,
    "last_request": 1749921269.0313842
  }
}