{
  "tweets": {
    "requests": 4,
    "reset_time": 1755587503.439509,
    "last_request": 1755584312.370765
  }
}