{
  "tweets": {
    "requests": 5,
    "reset_time": 1749628607.323914,
    "last_request": 1749624993.3085916
  }
}