{
  "tweets": {
    "requests": 5,
    "reset_time": 1754479744.8014164,
    "last_request": 1754475901.3805096
  }
}