{
  "tweets": {
    "requests": 1,
    "reset_time": 1749559214.293945,
    "last_request": 1749558314.293945
  }
}