{
  "tweets": {
    "requests": 1,
    "reset_time": 1749642610.22766,
    "last_request": 1749641710.22766
  }
}