{
  "tweets": {
    "requests": 1,
    "reset_time": 1749561667.095804,
    "last_request": 1749560767.095804
  }
}