{
  "tweets": {
    "requests": 2,
    "reset_time": 1754551299.8135028,
    "last_request": 1754547872.676255
  }
}