{
  "tweets": {
    "requests": 5,
    "reset_time": 1754488262.4629877,
    "last_request": 1754475901.3805096
  }
}