{
  "tweets": {
    "requests": 0,
    "reset_time": 1755861283.0922685,
    "last_request": 1755860383.0922685
  }
}