{
  "tweets": {
    "requests": 5,
    "reset_time": 1754308855.2289925,
    "last_request": 1754308108.5325663
  }
}