{
  "tweets": {
    "requests": 2,
    "reset_time": 1755514489.2957916,
    "last_request": 1755510905.9754095
  }
}