{
  "tweets": {
    "requests": 4,
    "reset_time": 1750245970.1090794,
    "last_request": 1750245175.2896256
  }
}