{
  "tweets": {
    "requests": 4,
    "reset_time": 1755347818.860892,
    "last_request": 1755344299.8698668
  }
}