{
  "tweets": {
    "requests": 25,
    "reset_time": 1755849279.3119597,
    "last_request": 1755584312.370765
  }
}